,Var1,Var2,Var3,Var4,Var5,Var6,Var7,Var8,Var9,Var10,Var11,Var12,Var13,Var14,Var15,Var16,Var17,Var18,Var19,Var20,Var21,Var22,Var23,Var24,Var25,Var26,Var27,Var28,Var29,Var30,Var31,Var32,Var33,Var34,Var35,Var36,Var37,Var38,Var39,Var40,Var41,Var42,Var43,Var44,Var45,Var46,Var47,Var48,Var49,Var50,Var51,Var52,Var53,Var54,Var55,Var56,Var57,Var58,Var59,Var60,Var61,Var62,Var63,Var64,Var65,Var66,Var67,Var68,Var69,Var70,Var71,Var72,Var73,Var74,Var75,Var76,Var77,Var78,Var79,Var80,Var81,Var82,Var83,Var84,Var85,Var86,Var87,Var88,Var89,Var90,Var91,Var92,Var93,Var94,Var95,Var96,Var97,Var98,Var99,Var100,Var101
"1-1",#N/A,0.67210726093905726,-0.27387544321744861,-1.8523319449425006,-1.5535742781837989,-1.6358724738387469,-2.0321672752651785,0.51598225669337383,-2.6885923018003672,-0.14334860890183654,-1.8762034830315031,1.5966664370544228,2.425762343836015,0.26509192105034352,-4.8682667372075423,-3.5290689049621098,-3.6762060395818068,-0.56797173077409124,-1.7559183227033406,4.3095724594272911,1.3238770806803801,-0.4898168436271233,-1.6647902983741154,0.41241384690457222,-5.1271986752896019,-1.8124360805899506,-0.14365018195109669,-0.12641811289276733,-1.0698742585234764,1.6818444713321197,1.3456818937319386,1.1333032353490895,0.75874207759632972,-6.0809275742707456,-1.1611948575973119,-3.9695063581194563,-2.5752937733245935,-0.084537232248474314,-2.288160678645486,-0.23605106130483766,1.1362749717895009,4.1004713275466003,4.2068579085372289,3.9249772215418783,-3.1217122961979857,0.21457277307813294,-2.1279306170011871,-1.0245409257392442,-4.6045096575719491,2.0197390356930627,-3.2391930834279643,0.60917365158354164,0.99644298256108721,0.58553012528028303,2.6427194032018093,2.4986969922665097,3.1346716342838019,4.9629932940191388,5.3539501769282385,2.9052517770479587,1.8544598649122408,3.4602991355624853,3.3016203231954897,1.2519903402625263,2.3494708572143939,0.8193376848503453,3.3742434203430736,4.2979914269248471,2.2100751094943565,5.302119744012586,-1.0014417601169072,3.9600747690289086,-1.1301895758884251,0.44685877837195886,1.6226187582308413,0.86252302086961563,5.6006955358819326,2.5553180812294047,5.2799907433963948,2.8925167055542849,6.8245364647457674,3.3210442029830163,3.15927288594242,4.1486731334035909,-0.16212081681535051,0.68781186405431083,-2.3642173274251506,0.64618274108849616,-1.3605367387808158,1.9242372615237255,-4.2748454117192614,-2.7814636976033005,-1.487842369776756,-2.4959942604931751,0.44825728233995205,0.37151242120556272,-1.490027705658858,1.1529094572876233,1.5249369339594094,0.77375344151788428,-1.1065399742526199
"2-1",#N/A,0.97598933399107302,0.3713048445637086,-1.6834605823309663,-1.5302137601718553,-3.6692471436855705,-2.4341994133400546,-1.2522386126127942,-1.979594318162744,-2.6728695867778614,-1.5321947769383404,1.5622833146917223,-1.1616593778179773,0.20594576364230543,-3.253591946676798,-3.3572053709103691,-3.8768159521773877,-0.26847025955176851,-1.4678518045696436,3.4688665755258223,0.37036656161931991,2.603075431363095,-0.72968941043928492,-0.6501089753384115,-2.080243910137225,0.59522816244767007,-1.4827647930325323,0.00063164017779201997,-2.3259579688354721,2.2947578625615073,0.72124624218913302,2.1423507256204743,0.45314482741711398,-4.3298453624116338,-2.5019631884234586,-1.6880949930813856,-0.051237483377980286,-2.4739341478957688,-1.7095329504207597,-0.0044713919338540409,2.1312523568665775,3.6640350480776993,3.8970885162673117,4.6103724343092338,1.8692542269481489,0.42644510234074484,-0.93656866692339558,-2.803738560015951,-0.78695579091199219,3.2500248810893693,-3.511140528824106,-1.5541555688241897,0.98942512531702986,0.41420794247706572,1.7409736452779958,2.4189345821700536,3.2941243135550615,4.6823815868822685,5.3105675975985465,2.2023954383916076,2.3659851066801996,2.1443246579269388,2.8366338671908045,2.5209339689745143,1.218654246782972,1.5706945164040871,4.7325926249268866,3.7578969440936549,0.64982181081183121,5.1678418798102115,-2.5873407441160796,4.0795547875212979,-0.015960082619906557,1.8922197805598202,0.79220891066890742,-3.1336254546558635,5.8625520139441401,2.6474584662584579,4.8722290429994386,3.1305285847310129,5.8354790682367534,4.9808061434117414,2.1270296103711783,3.0376257494938601,1.3717829338102443,0.028429342312755179,-1.0651365079250181,1.1984377239699784,0.28214450275685832,0.83300392083360331,-1.5483330382092122,1.5672888021497955,-2.1142928028414203,0.5382468680583421,1.2414300388567923,-1.0834985269755129,-0.28770632948513009,-0.60752494908049215,2.2936095076242053,-1.018742773103599,1.6810369447562448
"3-1",#N/A,0.17359348340291944,0.35401120771577721,-1.6958810450700947,-0.70295809007391918,-3.4361278843319831,-4.8254608834944506,-1.444335825668813,-1.9308665959999471,1.4728693703933806,0.78542579494362019,1.8509796053056808,1.1693311949877192,-0.51469819322341981,-4.2343350486030999,-3.2433132730094649,-3.1001689993971122,-1.0147884589967378,-0.64904123205625941,5.3040600995168461,-0.15562585907840787,0.84900753990883326,-0.49926001617570148,1.691352029010484,-1.8237535618044518,1.6339947228781346,-1.2235545480841006,-1.3419818698659427,-3.1543818613690968,0.25870459539926327,0.69177043915719139,0.65760678715325982,1.2487463150909739,-3.0955275195336647,-1.8501418289809017,-3.0247548419701014,-0.70001842960130833,-1.9117134627747558,-1.3705608795783626,0.97814653101110394,0.96613353980043293,5.3679401603513179,4.5717935435094148,5.4994071796597037,-1.1762315936169916,1.2668538652878025,-0.76116350678694578,-1.0642420339608194,-4.8093791785811408,2.6315000002127924,-2.6372237919350185,-1.292135880091722,0.1712653507650844,1.5569612049681538,1.8186737641021931,2.5922367178931158,4.1678358339854267,5.547209393792345,7.0181314566194164,3.5692557276664449,1.4285426482448964,2.5375207595672169,2.5251675097593158,2.4155135120261333,4.1238116036128991,0.22919445663811655,2.9882929506666169,6.5775973818508611,1.0067845675873799,3.0880948139566873,-0.25852626580799876,2.5348680142908009,-1.6566347557868488,1.0146851915395143,-0.79374593099512336,-1.0457220923082524,5.7515126401502172,3.2815295268226072,6.4651365750090513,3.4997490781762655,5.2212088375873087,4.4669578719507665,2.8497492749734885,4.9217829555576893,0.50262152126271853,0.53959862060200248,-0.35274988470305679,2.5269825615291257,1.1709080258167484,0.85748730830016995,-1.9751816088090492,-0.11906180723010051,-0.36299576229467795,2.4630900058036262,0.39743792081747065,0.55664576999443705,-0.34020483510265687,0.38151847798375149,1.4276878436076244,1.642999611008737,0.45728842435717082
"4-1",#N/A,-0.64170499233610934,0.0083349164665810493,-1.8855067286125267,-0.70326018403871782,-0.79130416051274821,-3.6661909104319443,-0.34328779468258463,-1.2873525451367731,1.3103573782959226,-0.6529271203680187,-0.77335007394339561,0.087258552951650831,0.025122989699906118,-3.6869087440711561,-3.0792924666403936,-2.8365525725039795,-1.7502826827522573,-1.5554001564602167,3.525837247176463,-0.21461968599571746,-0.084343750798826722,-3.8628687526259124,0.60172807228512526,-4.4525318875815767,-0.21174490778380162,-3.07083608985329,0.86245157383048143,-3.0095603676820462,0.53667732746637253,1.522596168447238,1.9457910886750733,0.50903682465404609,-5.3557398031098185,-1.3954493032992303,-1.2997089991772715,-0.6873125563126038,-2.9289163562693679,-2.9291712576823801,0.35396617620083992,2.9817913874403343,3.7806359593608811,3.9606210938948174,6.6982499104759796,0.48492277493067348,3.5673868354526483,-1.3537106130611405,-4.2311574428429832,-2.3027750070788842,0.12595755351454652,-1.0322194687927815,0.94487281852209248,0.38978923835318546,1.8832254852608952,-0.18339685164963515,3.0700527618779283,3.1924197769830509,5.2510333056765628,4.5184482513482305,4.6605579194931419,1.3422241516800555,3.0929327242720843,2.246875995278903,2.5504333693920471,3.3756637125448856,0.052049552132199417,3.5269702003700236,3.9904985545949909,3.8609303480768018,4.8000358921773376,0.6112117668118292,4.4171321362893519,0.23508108543695672,1.044358868850273,0.76106557003800068,-0.060218558532014022,5.4208513510567675,2.4168583840442825,7.4117187937962612,1.0545127032191766,6.2787269138217265,3.8999616648929987,2.8302388836830668,2.9895988930629525,0.35347870679550469,-1.0800312764309141,-2.4095530775113452,0.14375432844686173,-1.2755633299519906,1.6076153174381738,-3.5324037388333966,-0.79621879558185371,-2.3634777053690135,2.7039887123940156,1.4182207779577474,-0.28335035064660619,-0.58438898294934072,2.2134948709581468,1.3831257142314688,-2.5089874770464151,0.99656563806843257
"5-1",#N/A,-1.7681634071844465,-0.068968210195622909,-2.7167424537146534,-1.6320584524983834,-1.5875240168802942,-1.839326106307358,-0.18253835691550968,-1.3683443254838459,-1.0479709806288731,-1.1718977834211535,0.69560158634031,-0.58523925302973634,-2.7739901534222078,-2.4103961192435097,-4.2171093054505349,-4.468551341720941,0.027626334057938573,-1.30274843303507,5.0319511049408439,0.98404598228200257,0.6927052826760316,-2.3445571899528601,-1.3323740873844634,-2.1809672794692663,-1.7646703961772552,-1.151332819511782,0.15367104395063047,-2.0619949230880623,3.1182388035416309,2.3742781378933677,-0.30263166481120707,0.30180841142885717,-5.1592722644077522,-0.74293704538960514,-2.2788421546973692,0.3676795597115734,-2.3180649028207303,-3.0160794496690477,2.0499273357005605,3.1612030297842404,3.5614970251639209,5.2464883746750104,3.7006874409387214,-2.03226373071977,0.78968997409436925,-0.75238054475724869,-3.0487043260537723,-3.671478171306612,1.9540720198765511,-2.9833299150402266,-1.4907637136172154,1.1663963174731051,2.2140351457303593,1.623760174311722,4.1092289751972642,1.5307883826143849,3.4904341437608535,2.9419780848264168,5.4714357164104062,3.7107164697489514,3.2329334003270294,4.5389912271559512,4.9983105551621136,4.0379517918603307,0.65692047566692224,5.4723334394530552,5.69478346891509,3.2628234042742861,4.6917733527166616,-1.4007722242735514,3.3201915868015845,-1.1018317483247002,1.8104206727576382,0.9268926875524941,-1.5618116207363508,4.5410760321937138,2.4673020233212797,6.4996948755532316,1.5326947644062854,4.5885741073768598,4.1153795158493747,2.770209343124125,4.3768246153114774,0.25830654441405732,0.4175501724649669,-2.7639731511770327,0.4617252908355004,-2.0181311745047235,0.95992577692442982,-1.7685260611721092,0.96915596114269675,-0.031737471231848113,1.0941108536594126,1.2387525912542854,-1.4359525279577414,-1.1169173217541166,0.055914852339826959,1.6642459489590671,0.78980920587464387,-1.3423630599171703
"6-1",#N/A,0.47803863349765019,1.0873779572561395,-1.4769726553829163,-3.9828689527334271,-2.3829022498129158,-4.5743012756657997,-1.2747914012638066,-2.0138383842443952,0.44503765966188896,-0.40890081930146743,0.6778597567752408,-0.32332699864777098,-3.1162660116347207,-6.0105544258370074,-4.8539716880856947,-3.7006108091963203,-2.0693038888153752,-2.3535087823837695,4.7059313511657921,1.5157271095225306,2.0799751128487483,0.031536366212862044,0.38329993844806559,-3.5885522363930678,-1.4622905372265063,-1.8104630948562821,0.060421986426230562,-1.1892635127558653,3.0828697164896957,1.7165624435789109,1.1796121723210886,1.6319538049517712,-3.6040654269475421,-2.5232620148518481,-2.7557371782299627,-1.7018949478391967,-0.71240059539526623,-2.7282048881004206,-0.43797850640696334,3.0191785986764899,3.7901146137920882,2.9282336606580892,4.0501758099075822,-0.78577246045135174,0.53329917210718192,-2.387941418664028,-1.9222162126757651,-3.0530771306326727,1.3385197124076573,-2.2564540734024434,0.29465249897011259,0.35645740966741823,0.70486487156952826,2.7670490893258064,2.6347471183820099,3.0528689959771977,2.4794568178901417,5.5125728432764944,3.4133379993155959,3.2753926462761678,0.8751100608624216,3.2580974334663799,4.2430365897690363,4.3759428285551181,1.8842429026358951,2.7958307678299663,3.7980174791343941,2.7077573896725724,4.4778261153851711,0.69786828891387931,3.7090370042084713,-0.11703876676328129,-0.5339552984854592,-0.15556415181511246,0.47912974397975017,4.5756780969809441,1.4491106226959467,5.5183073932119857,5.640337911731141,7.0196337053090154,5.95579519120421,2.3695806180485017,2.1468172089265813,-1.6016887564218951,-1.3432759191747778,-2.8599342446849878,-0.28479683165986486,-1.4714682059886672,0.93906291131296049,-2.9497819455402707,-1.3459091878946354,0.74172720302321371,1.7780904991854471,0.7021524434676405,-0.26025526844517449,0.73025602000804413,0.7583233096317421,2.2472538325423246,0.11050874621188866,1.8566734710883681
"7-1",#N/A,-1.5988234137511248,-1.5670746542761655,-1.1447332195086259,-2.7855333052476703,-1.3444689130736194,-2.5016155737210073,0.17429457136259496,-1.401592566369376,1.1706618902019756,-0.42621475867543301,0.74146904379666667,-0.19078821019132047,-0.76041639219401191,-2.4557182720192152,-3.0788958212779516,-4.0456533999694475,-1.5277358649961261,-1.1096415812722105,4.0775680987363927,0.52726066178117359,-0.041090196411529667,-3.5349444494206677,0.86791169674601987,-2.6594637582466709,1.9213585511856133,-0.52334221500147371,0.28155982948951724,-0.99856841500423699,1.8038286699727624,0.75230345333509274,1.5712192853158924,1.6130003852850592,-3.0595163571443384,-0.77885966226741732,-2.3923043374087234,-1.5725825552267945,-0.95205857726921428,-3.1754482174353846,-0.84707301504736743,2.7336052889638585,6.4616039001095498,2.5735781150828156,5.8189453644223637,0.41946867979045943,-0.98105112543351258,-0.58180169123819581,0.12337660111584925,-3.5667355756005854,0.88121922536343034,-2.5741418566488505,-1.4323713185823339,1.1144528713828317,1.9069083351929093,1.6844358400221877,0.86201786211388898,3.9036554503132694,3.2031078009307157,3.4706184573320877,3.3242507805119401,0.81375602841453176,2.7647873369435199,1.7221550136474808,2.1960469291827835,1.1444553477366726,1.5703257889134323,3.7542430232422643,6.8578489202635549,3.6450755800378238,4.9021537367885273,0.39736584476575454,2.4408248911044623,-0.83252600418383926,-0.48766955255704647,0.12084191965817015,-0.62515105582659014,4.7843387087945395,2.3456328575926522,4.3840178715798199,4.8408995142765754,5.696449469348317,4.0470997136891231,2.5669750493564152,0.7346894717314405,-0.79251045184051272,-0.094747495002356463,-3.7951701599594934,0.11309340069773346,-2.7980306512088999,2.4345841231497301,-1.5137300535434188,-0.20088497320677962,0.78731879251511783,1.2986433864967166,1.5711546660709266,-1.278458249313885,0.29668004704915896,-1.8723595316372976,2.1481758400502984,-0.12939357556788597,0.71732290383693798
"8-1",#N/A,-1.9448808935019102,0.26533245237344316,-0.27497877593506193,-1.9407102000492009,-1.9914409198178666,-2.2563079274042903,-0.086129135020228342,-2.6498252796887583,0.046342811337565237,-0.80378430671114431,1.8488490238473239,0.28499646946190538,-0.88509099255355528,-4.0892996832388446,-3.7880346033588799,-3.9729480690278156,-0.44967007842855433,-1.5809760799329911,5.0438062834248782,3.5926414494970778,-0.15649032311534528,-2.7423346267189777,0.3414259647042992,-4.2493770226162368,-0.41604907549459952,-1.5721121964481892,0.81054626435659038,-1.6147315685548169,-0.4913598024557464,-0.65492901018845573,0.9282880967058762,1.2915412567853104,-4.4797852970568615,-4.1248746827551246,-2.8262184781178608,0.62274639073896387,-0.5620693965822805,-4.0524261396929457,0.47992521499075763,1.1478334384499371,6.4224788458777526,5.3445110105462295,4.5445786729137119,-1.5915209638969023,0.076286468535435525,-0.03858932647189528,-0.045361533964022982,-3.5495509599061821,3.3617924837103095,-3.9081648833329865,0.83382857409905764,0.97685019385070493,-0.29548265808430396,0.18682911784456735,3.2879867534748719,3.0446074986305134,3.8669899998162389,6.8586628611328804,2.7194147906087385,3.0250234559768461,1.0576481365871782,1.9523384640616883,3.1726913416108027,2.4053029999046811,2.7873286351951059,3.0538149431173367,6.179386817404982,1.4787277970899508,4.6971686002323976,-1.6245101376950735,3.5948120299742885,-1.2503691571922684,-1.1532734617038121,0.52959611387833117,-0.62933260600564089,5.3485200758691551,0.81721819588350408,5.8591757332099084,2.8169193576128246,6.8458715285725189,4.1741716599193159,0.90597094502256881,1.8263837704528787,-1.1807232145964095,0.19509558595354898,-1.8531563238957509,0.091220560098737663,-2.4468607196307963,3.4970963457245539,-0.17857148532128142,-2.1491204083390087,-1.0987329361807383,-0.110587688395267,1.0395048983610817,1.2432398550113231,-1.7535363546309481,1.8465905659426314,1.4122978273347506,-1.2470175159927552,0.57594204690688966
"9-1",#N/A,1.860166890649138,-0.28387417195782,-1.3847469494458335,-2.7620089817849105,-1.8782305016946335,-3.1545084724941437,-1.3386241940137005,-0.78901265460265957,1.1027924075256283,-0.053311783825496395,1.481531577345264,-2.3281506025802363,-2.4922887142002095,-3.0917274149102667,-2.5856088492659177,-3.0854364822770828,-1.28419838649272,-2.0951886314182762,6.7673061891822659,1.5086108230397575,0.40696530769812173,-1.7558264353552517,-1.2566607679300148,-2.7356896613134762,-0.62276910253349804,-3.3822045125189035,1.0800145265219703,-3.2629751793013684,0.90947398538878688,1.1814708266700882,3.7756334071609889,-0.53331604435622149,-4.6797473170736623,-1.0118945842947942,-2.1472086236139414,-1.697195166890936,-0.46944457900891423,-0.9604985218099662,0.41114674486734792,3.4748925456258606,3.6472847458997744,1.4678876828637994,4.4849959174086935,-1.7715421763730144,0.59769060289666931,-1.0822535219425573,-1.7319780648649563,-4.624545528735645,0.84999064742884356,-2.9198222162300982,-2.048419355508508,0.07472691542277346,0.43608144352875544,-0.0085332157099766714,3.2550228008207589,3.1782131505262368,4.5309050822415013,6.7129558600323165,3.4074328027908143,2.6856870337869694,3.1967694792146322,2.2750077456074429,3.5304849698460465,5.2714457694050054,0.13563836438940657,3.9718546301657871,3.0320852037653165,3.2000232464912841,3.9978852950155708,-0.10089666359631355,2.3892953000027175,-1.8335274153461818,0.37205289782611917,-0.15266164892099338,-0.44633554230800854,3.7984532045870587,1.372404324559503,7.1831504305034821,3.5649098890686051,4.7917650101554727,4.7976053171913522,1.6227098495403762,6.2281666582634276,-0.58359554278204195,0.47852389617366925,-1.3924778069535886,0.13976953377529572,-0.37802220217737048,1.392991923281671,-2.1254498762419662,-1.0636702748310511,-0.37105396128201984,1.9625382785876297,-0.84276964825312939,0.0087908747670424614,-0.86931222170016931,1.4309970233068969,1.4348028404065729,0.56830999454486886,0.76830753178631528
"10-1",#N/A,0.43772380201415972,-1.0229767453347822,-2.8805656140201772,-2.4402061756963747,-2.4606400029503313,-3.610709776696893,-0.80095210188354249,-1.0182505316456461,-0.41780215862888603,-0.61766515120737187,0.76577110713004437,-1.3338723842613311,-2.3794073480881028,-4.2798867235080342,-3.5148815689472159,-4.7724487327689245,-0.64380587163330949,-0.64374795558149545,3.8353790954629217,-0.37038076913365137,1.2405251308796261,-2.2332449006667296,-0.12639940303187183,-0.60264369803177109,-0.722349779209561,-1.8079034766259758,0.32004748087389939,-3.6070133695370754,1.9108671756197797,0.23660042254060065,0.79810553892857139,-1.0923904771889483,-4.7435932073039062,-1.5893258323359587,-1.1233394912942427,-2.3030070016910527,-1.0107173379462682,-2.8152219192956447,-0.37681202225313626,1.1800960037026005,3.4329740849318133,5.6291542571776523,3.8107558783303341,-3.0145682845363657,1.4614058088246029,-1.5848689578703556,-1.5343870652245875,-3.8241282636428879,2.9149371187868116,-3.325454852984512,0.82858762515787499,1.1000602802703465,1.1376215734398554,2.5959318018791158,1.6087447937247263,3.719248788142131,5.3415375289317879,5.0405062682255668,4.0769037860552517,0.40409508382902892,1.955226419140303,2.7832720331588536,3.21005823748632,1.8844016341406935,1.7578449514675847,4.1497865499840687,6.0427369699146647,2.0210969877038165,7.1432220299971476,-0.78626460842139545,3.9563133366662129,-0.63758171743096703,1.6395209843502485,0.63346223435272209,-0.9294278277765351,5.208132667840137,0.85312912767576199,4.7193664338220103,3.1753015764789705,5.6348826599462383,5.5754193181673983,0.59407438839549132,2.7651682064116945,-0.63569172199271784,0.40282050187648655,-2.176512401913747,-0.48037062381043288,-2.9127103367682157,1.4182445417385112,-0.72092851183041562,0.9136901624770255,-1.5609169738702291,0.94022993947675004,1.6828664384439209,0.055368768032962035,-2.8141858422063573,1.3922310829048321,0.86427459439108811,-1.0796936963848824,0.49844879725618041
"11-1",#N/A,-0.84936279077478449,0.36241707391626954,-0.0084662717054213577,-2.3236075216656245,-2.3238277381523558,-1.9281944706758736,-0.047061317965517269,-2.4379352175673796,0.97598206172929025,-1.0178995003225646,2.7011013567293389,0.29719339503356473,-0.16379109185922258,-5.1888253921715544,-2.8797659552967767,-4.8291536584588455,-0.96438650553874394,-3.1425635636757496,3.4246349919438632,0.16778239624521973,0.13915945977943189,-2.3697312267555306,1.1273973274245326,-2.5691218343324653,0.31032265225359679,-2.087604090256963,0.69151184306288993,-1.2149025866386847,2.5910233491406132,1.11568104711788,0.50881361621510213,1.5245172780476004,-3.5915654825190626,-0.52837388350328696,-3.4202115561558544,1.1276266771485481,-0.26704237948932597,-2.3178979248244351,0.080997417254478288,3.4629587844322813,3.6702680413323883,3.9803515658650124,5.6541254306601845,-1.9776567088763355,0.49658220217528437,-0.39940914241840531,-0.43080231098260091,-1.708600567191916,1.2274295764554644,-2.5636338348845809,0.31086509335147872,0.85694692945255413,1.540886477138014,2.8491957130924352,2.717031155137215,2.4753851351099896,4.9382643998760853,5.1965073845002285,3.1539192131523355,1.4020586960471648,4.701013254277397,1.942330199751557,1.2544132735015829,3.0580582354719583,1.5890924727207389,2.5464355062338004,5.5012130406800184,2.4254977381837568,4.7223305209816182,-2.5650173234878548,4.5165566890111943,-0.28480248256931656,0.45360183669108955,0.32729400755599242,0.30990497971820385,5.5218879294352758,2.7221513179857304,7.597065640668152,1.9916149586278422,4.3186003739622869,5.2154665664089954,3.0736372344598788,3.6721315080079981,-0.96678000238071682,-0.61389188607734335,-0.91484029846019332,-0.25637802865836529,-0.97383465441073191,1.1951880249452307,-2.2023379164007375,0.1031342245832963,-0.29208927492481013,0.60828478815683118,-0.14870224402239218,1.0601760479823663,-1.7004497367925069,0.32473166371319362,2.1517236055159508,1.4443207565370986,0.34725305394355832
"12-1",#N/A,0.45196701789507954,-0.029707902417902263,-1.846754974786188,-1.0359019669565779,-2.9342040765225263,-3.5082025236220664,-3.0561259150247997,0.078139698401027191,0.64166533043261009,-1.523013198981241,0.84518093953891127,0.60069529119591158,-0.3521346666784948,-3.5287670863205207,-2.6508034401515039,-3.9803826737359422,-1.1851645728619256,-1.3257294178366514,4.2297389751401511,1.5713953519046391,0.9271788721026013,-1.7991216360516589,0.20793168501568962,-4.0104580221341939,2.0917086723451326,-1.2645284094253941,0.90413862467568018,-0.31159032457911806,2.0436677290676055,1.155003991083194,0.33470767488810549,0.31070485337878934,-4.3998709341737516,-1.90525203934013,0.87416096278346123,-2.2480010058458157,-1.1184012934749341,-3.2650396932187538,0.91399902096044106,1.4537755432851172,4.3367720494002961,3.160273924348314,4.3787469788370448,-3.1188290899207942,0.77758771271411709,0.67974577153457938,-1.1585674845050078,-1.433368470733392,2.7087440054331218,-1.5594693723108681,0.98950572886351251,1.3141132744362802,2.1751698201522576,1.4232282541583339,2.536036811446269,3.4041097083555663,5.8209204592455199,5.046234762224338,3.6137742484720943,3.2056702345261776,1.8272249353398056,2.6022588403257259,1.5944949629393745,4.598896161533256,0.7006356931140888,4.120330705907234,2.7939822138849646,3.7011313028452228,4.6360351168960019,-0.89245859150483264,3.63898602059581,-1.7103929962051201,0.82413388977925062,0.70055886229740838,-1.7566240677464768,4.3155298636116468,2.6843073690273416,6.2007071254201538,5.3723327348876033,5.6738841272096616,5.1395704767207215,3.2573223232561168,3.5634709917397678,1.1188368794398322,-1.8642584522760615,-2.8817939494730158,2.6033687109986872,-2.5612701722547806,-0.93333181348605354,0.63634726487238291,-0.046810008584768636,-0.17683908249625213,-0.08286372931023589,1.7092333752592739,-0.39265222257668569,0.6652318486527895,0.55641955152517286,2.2133250994377596,2.5178710897443004,0.32969095608345994
"13-1",#N/A,-0.73078608205028339,-0.94167580044533949,-1.3601164110072219,-1.6161250358012651,-3.6875949414340914,-2.698812602112648,-2.4637757922701682,-2.6723449418521659,-1.040448474145748,-2.0944437348279523,2.1976809840832048,1.8192206932602897,-1.8621087266442802,-4.1107036242075976,-2.5153121236858818,-5.3637085370051976,-1.7988239646394677,-1.9914065339606299,4.3955015055335949,-0.84032286077469043,0.95872257200128963,-1.6840248338151664,0.39815641112265354,-3.12968456239614,0.16710036542864365,-1.9162392138948623,-0.13030111618951565,-3.423809196546439,2.1209594464241359,1.1884529510757178,1.0551627413015712,-1.2165445714438337,-5.4588711350517762,-1.8318348269526068,-4.1641284844645003,-3.2966133452274131,-1.0983568448752079,-2.3764750141435269,2.4521501271851061,1.397977562703711,2.5187932246926668,7.0383294071947642,4.6593885129333037,-2.9754000792094901,2.1755253568882931,-0.2263683398134263,0.4173848125744295,-3.067337127494973,4.2825188304803445,-2.6169640327205559,-0.96865717619221803,-2.7626466396604865,1.2525747568955081,2.6221724447674162,2.6277087999328064,2.4664144021833589,5.8279083638237461,5.7630244802346144,3.9762354719114663,1.8217623020478557,2.3830033675228086,-0.24684254155140817,2.0724508791154022,1.1624515708570884,0.098245380464147214,4.7962405054735093,4.3707636000870735,3.3043078755169262,2.584298127751774,-1.3672898929031183,2.514522244534855,-1.3477408986415123,1.5930263502747177,-0.75323955861359182,1.745709479937001,7.2206265313910656,1.005386064681701,8.0627877699583639,4.5740405483274795,6.1835681301355132,3.9493750846080258,1.8817724228606885,3.5292117549244657,0.29413170202019279,1.2045564413058192,-3.6146506586440723,-0.36181162049868426,-2.1640895024470992,3.1084384888452821,-2.6179297309384082,-0.23195279521057519,0.62666316035701952,2.7934642646542294,-0.463921396656923,-0.33586342241260625,-0.32143530040072782,0.94243855132480026,2.7139143300449726,0.17039299194193935,0.76331281467956646
"14-1",#N/A,1.326041748597458,-0.21713397339298388,0.80301173394807268,-2.1570293476127151,-2.0570271716646475,-3.4806910898723333,0.036253625454761407,0.14772783314640958,0.081618655384351035,-0.90586174692565868,1.3146117690247545,-0.44179621438492006,-0.038574430774514057,-1.953545608160081,-2.8697397540437199,-5.9342311200440649,0.18198255196973356,-2.4439766239279379,5.4932199449759302,2.8545741408769976,1.8041531038130136,-2.1550787819632005,-0.17292014645915924,-4.0738692796877674,-1.3732501392826726,-4.5652039276150047,-0.12136721868791668,-0.60087784811231915,0.54804295039642503,1.7042560083649492,0.27768432489776362,-0.56963421224785904,-2.9670287990421365,-2.898766888303121,-0.75890126934784519,-1.8471041615861119,-1.8638121681306057,-5.5147979333767054,1.2477879918241348,3.0957902404123039,5.6203786921495604,3.4973062296796154,3.9054961448002254,-0.44305918647178255,1.4140296111644373,-0.30196936041972722,-0.94598465090276362,-1.4205594340976404,1.5478110244357903,-2.5449855910713857,1.0450784734140743,-0.49516424454856001,1.3762323188465535,0.65392546016023578,2.1911201228105597,3.4765515850714026,5.1835067465617799,5.0989117216608983,1.1667438667507199,2.4758793768335683,1.9390582386109863,3.2372290056995499,3.1904966457190991,2.1729005843281533,1.7334093017539507,3.6485872015161078,3.2996317222147606,2.5147659740950337,4.4944829314582959,-0.1342196400670771,3.6564954636364302,-0.064962503736997079,2.2078966398937276,0.18954556662731259,-0.34324410134967848,5.9274214879355531,2.9860618159070125,4.8462844193582937,3.4367549610647949,5.9081392413287972,3.5452554489007593,1.8748267875778217,2.7251720551030787,1.7128087224863178,1.2313906576434519,-2.8740778306569985,1.7197797009298301,-2.3503855777761964,3.5711081268531011,-3.0912984232597518,1.372159271759301,-1.684609682414633,1.6145161918399804,0.980197332306039,-0.38286616266446521,-1.1487432024690598,2.1353805389360039,1.0553221565939368,0.39255298111835413,-0.57580842640769014
"15-1",#N/A,-0.16162212218326241,-0.18026777102598529,-0.39871939099840981,-1.9729746637581949,-4.5165282984511048,-3.3548169320393235,-0.43676456141349818,-0.61626423685357057,-0.77144675368640514,0.0027946843218080719,1.069821161769253,0.58642342106128165,0.13653129477732251,-4.0296659358611198,-4.4172770549801603,-4.2904477705361943,-0.70513396764220626,-0.73915512971784769,4.4390957113461784,0.59756115488534534,-0.23182473131962489,-1.0449019530601291,0.26767843921079348,-2.236603233417128,0.24978551469470722,-2.8069223863451906,0.53070604889283124,-0.89809796327873759,2.6307387467651409,0.31182158186296072,-0.25392656865393248,-0.40336039707267313,-6.2243825065288769,-0.97242055607694322,-0.92315417370966313,0.86975666968821974,-2.2377992085720599,-5.3940367963272147,-0.45853886113538123,1.9761692009905791,4.7589096125655841,2.4496850819695482,2.7643921057498231,0.60523645635007117,-1.1001984004668657,-1.9738443515399198,-1.9216299430478321,-1.6203655435518698,1.1007059626060802,-2.159952149340735,-1.7884752789160683,0.62793408455121513,0.80660955967589421,1.7342109118355629,2.1537081987182303,3.8247541331219512,4.644678076846934,4.4493154509693786,2.8258320091729821,3.9264787672468917,1.5306841090473664,3.0724311599940748,2.2082219958220772,2.4924423462300886,1.742037319452318,3.0998319149963658,3.1333224654234062,1.5058760894129437,3.2793391527666103,-2.9056072367593515,4.684094889008283,-1.3735629642205849,0.59469971443631642,-1.8032712548323737,-1.5887022550114982,5.6462529906649328,1.8995858079578019,4.3384506712350115,4.0986724860888515,4.7552084935120522,2.5835394008239447,2.2693207816214689,3.716877718963429,0.014560980568827819,2.323350696970012,-1.5312014303575701,0.5874735405474858,-1.1836442204330195,1.400189812814874,-2.106560124435251,0.1650009659260811,-0.26482055468464477,2.0051975390402141,1.710293780385765,0.71233056104107417,-1.604349866301273,1.2993226680783683,2.9188640649203417,-1.9327069421469418,-0.31838472911130378
"16-1",#N/A,0.59566516735739428,-0.84242385701074707,-0.75841055735341045,-2.7227989198058644,0.014273720102548904,-3.4427610365074286,-1.9070214158439471,-1.3571883582143029,-0.1386695307062944,-1.9380128173256868,1.1476212372871997,1.7588068034214641,-0.63171289341187786,-3.5305023118391281,-4.7347514895609075,-4.9421324326681901,-0.75420022537428499,-2.5096883326715904,3.0517728878686512,1.1581497095235622,0.42288779168699647,-1.7704531428587598,0.69258464841357747,-3.5288875480139255,1.7647582663653023,-1.0365222070766209,0.37913595846525155,-1.8439253081377274,1.6939294045230768,1.2787685193768308,-0.095912045931258572,0.23275769153190085,-4.6188490217270139,-3.4702257377894741,-2.608195642996197,-1.4383357152500145,-1.6860610436724079,-1.4512681837898032,1.9128340556928123,2.9580136534477033,3.7323204015623079,4.2986291377849568,5.2975486055238008,-1.4146714855102658,-1.2027512516160348,-2.7504899625528458,-1.4588310798121813,-2.8535251227868534,1.4893850753799764,-4.5952087719135468,-0.94235064591229434,-0.85791585796927849,2.8744379894644494,1.4046624692841065,3.805827582734826,2.6822152562647421,3.7174591356667981,5.8664591404349355,3.267925870090914,2.9192083878272146,0.68396507681126906,2.9277068549559346,2.8699465498157068,1.9384807620027933,0.93575474309003326,4.724321269661659,5.9276930564762882,2.6491048919293778,4.587111143482522,-1.2749886087399687,3.8091935098399778,1.4213166683686214,-0.55724265397967576,-0.43034750303403613,0.047241954324942326,6.2439623342187822,1.6882849405067726,5.0137797160837811,3.1911743830809973,4.6808714021683802,5.3010082505576968,1.4055177241422077,1.1355729341509533,0.52887301235684814,-0.69155474663776728,-1.9243812560637077,0.67713836740856581,-0.68189949039261366,2.373008925994621,-1.5958280992275338,-0.16421720282875385,-1.4074253901849241,2.1765480037014111,-0.059762470867106621,-1.6150891350577736,-0.38080283955625871,1.0727993189012583,3.6837772729490967,-1.1018179618379991,1.8815927316748278
"17-1",#N/A,1.338075288212011,-0.36475284815591891,-1.2308547748564378,-3.6889530905793571,-0.85418432965496494,-2.167669074697594,-2.0105391887686546,-0.54584004558201915,-1.6997395980694923,-1.2453753202515332,0.52508114092015823,1.2449846420296249,-0.10348697710672483,-3.8954200266968528,-3.6444427642393986,-3.9814718789881005,-0.80027134858699389,-2.020964268672564,4.0004004703739175,2.1796567640417095,1.1365551251430592,-2.8659568963364288,-2.0167042838313951,-2.5917213348649106,-0.48790246434866069,-0.35005121562686825,-0.80084538921988901,-3.5320179457968233,-0.23394712793295769,1.0721286813515118,0.096350157820776605,1.4680506868373415,-6.353372346161688,-2.4761716662599818,-1.8581801835896399,0.015456349718056206,-2.6384905783410044,-2.7920671643692203,-0.31647279872580536,1.6533588252683895,3.9917201102473969,3.6781414087153261,5.8169177179259055,-0.81084286787161874,-0.80716511229444965,-1.5436039612441577,-2.4184304324768924,-3.319104289083505,1.8814693202386195,-3.2707306314458768,-0.47324622691534157,1.2426079085471375,2.9893447257901871,2.4951077746277637,1.1193859831821238,3.4653532691380344,4.0886060504418946,3.2770090846346243,2.2668994959408431,3.3817970823163765,2.3201589327505792,4.4764315840839508,2.9328446616663406,2.0618828851113165,0.9780252615273608,3.4827334852311402,4.9457574920819258,2.4248598832015844,5.4355566238275763,-2.1476162312664067,2.5183108935106771,-1.1304357688414481,2.8703108967728652,0.82466728394055644,-0.1212918717565355,6.0459066113065525,1.8491133160916249,4.6392766009055038,2.8584337474070396,7.8710496568063189,3.8721649220599561,2.6188956243164165,2.9956257880498542,-0.37616428818684544,-0.18687339907152734,-3.0660107959443144,-1.3376756170359254,-0.24241725511147949,0.7175506689255382,-1.6839898265720192,-0.21306572690588263,0.11729506555377467,0.17968469546207633,-0.20978168180704937,-0.90228392588485185,-0.41214125429158815,0.80177266106809619,1.7211133792832178,-1.3877063646499783,-0.68653288748067198
"18-1",#N/A,-0.4102063376349232,-0.69445203588137783,-1.0246743641404152,-1.9907821093764015,-2.4406118231667575,-2.9116827598742074,-3.4572851408733394,-1.2482214841253823,1.3105848751472637,-1.5532269392289921,0.67314139419825469,1.2204602310921913,-1.1532922521123825,-4.7781175300502108,-3.9930358788706815,-4.3890750862339498,1.0368130643470501,-1.780612229463002,5.9884121569081019,1.9941459393744148,0.73013605416704508,-1.3328774710054192,1.2804049811520293,-1.1472355813059121,1.0584456995831628,0.1854038342707458,-2.5638481441180043,-2.4144547314930249,0.66902618688198956,1.2235865697387103,1.7124947348601562,2.7487075723736494,-4.9432097200204428,-0.67572666526502467,-2.3314883872249186,-1.6093224675179509,-0.031635178192418456,-3.6158931374787562,-0.51690510776528564,2.8475567720043999,5.3078956823275352,5.2222832584076002,3.6839357232745469,-0.96529957691315527,-1.5556575778466888,-1.965059996866489,0.69699822133169809,-1.8229988165535946,0.78918656596241377,-2.9814698276387008,-0.1695411875608189,0.49322815302166662,1.92405121737631,1.9657410871048495,1.3127742098029085,3.042703028908738,5.2501500344689482,6.7397933028728936,3.7737052571805201,2.7691433934143013,2.5577200187983351,3.248449285736966,3.7194640887828019,4.6603852962990207,2.3656807702803215,4.4752813370121256,4.4201482119083142,2.0842123451382242,4.7118625334814883,-0.7749942862925987,3.0529691579630742,-1.5706307018191472,-0.66862848848814149,-0.15844113465174919,-0.39640717463129738,5.1660702002205543,2.4640656089062447,7.4614218792965872,3.1367427994365769,4.6780464633693057,3.765031387623571,1.0346367234229881,3.2791084641853852,-0.5902265817145953,-0.52604580898585096,-3.449801817731367,-0.43318453200416263,-2.8070089285269839,1.0462957907655843,-1.2134236998177987,0.9018255553000718,-0.78440180517446501,1.1835619396122945,1.8653331642625428,2.3573295947647712,0.012596853067345704,0.55141026585310271,3.4385568987626827,-0.37744672310605643,-1.6152482491406921
"19-1",#N/A,1.0867997981917479,-0.70164371490419453,-1.2525670379418472,-2.5145048780573287,-1.7063564994822567,-2.2001976040613886,-0.6391182601564106,-3.1999259666139066,-0.89435387216545237,-2.5630312257460539,3.7369286825352499,0.14702360452815461,-0.26237197323572115,-2.9926154040454711,-4.9700739560399834,-4.2116101040333387,-0.049339436303114104,-1.2542920649293612,4.2460302852029024,1.1180378190796212,0.50356688437843566,-0.71945341555967923,-1.0924272426329602,-0.61764250826053368,0.52572670591813209,-0.22239441073175481,-0.35025267817345657,-0.23955055650497847,3.3832785351316885,0.50431199661129844,-0.21024913764390485,1.3239445861012653,-5.3254358787070641,-2.5399872506495846,-2.0745322588310162,-0.15074391246454399,0.12066646054907815,-1.5101337154737555,0.4890489205830934,1.2771564815208423,4.4324066033707377,4.9822424303391992,5.3206437937576219,-2.1421870616879453,1.1325412397490062,-0.76287637324887192,-3.7281281575199574,-1.9349007724037754,3.0555432701602072,-4.1119770774875892,0.76334522299860896,-0.86697140582048871,1.9276246911285857,-0.21221415484747364,2.9574829077656175,4.0782725170157068,4.6141486011817152,2.3651246605139598,2.5404150106929557,2.8863399925018447,2.0782088730013424,3.4574930118976304,1.9807066465970666,1.6600048292406882,1.4225776643262211,3.5540599557741546,3.1343263790005982,1.2867353608750722,5.3275026449173257,-1.1056046959459891,3.8567439699226629,-0.60071950091794046,2.085295068984045,0.042218131711146065,-0.46842805533111542,4.990127772093687,1.2931747314801805,4.160269542938245,3.1239854924372401,7.3166647960239395,4.9461919819628761,0.66774515922188038,1.4920436643245327,-1.3332296295678665,0.31061790120873461,-2.2338932948516423,-1.3280443056887012,-0.26553236696909499,2.07458814334109,-1.2367070570630421,-1.9077723756825624,-2.5560745897747035,-0.11261602821069205,0.62455008948500013,0.42542662381454199,-0.66960868486877145,0.58604202351669021,1.4778574558530024,-2.3093649141744503,0.35689568798377502
"20-1",#N/A,1.4370380949630861,1.0278752285672477,-2.8378854589261229,0.88184529476746842,-3.0425960507419227,-3.5674223881547316,-0.56501635724218935,-0.6680737012723641,-1.2422368520241429,-0.47742520999158766,0.55678647313732899,0.65240919996112956,-1.6003728253625533,-4.2141947730797504,-2.5745953209870471,-4.8393004714285359,-1.7919659466500799,-2.0027372851021119,4.3696225285795967,1.2952324262921089,-0.069508355394458765,-0.82032414029720002,1.0434021405514819,-1.7857519725824829,0.39425891040725464,-3.2697771949384364,-0.9988721935712781,-1.1222560700495734,1.0080392881991611,1.5553039021488342,0.024704850657545574,0.69965537465236627,-6.3420271209378791,-1.2941213657366104,-2.5084903248499439,-0.399339603868482,-0.049642233850605955,-5.2514337900847181,0.95121635488944545,2.3246379193904163,5.0783930357394231,5.3148995397360261,5.2092786701167721,-2.0832675640843226,0.098025146742710456,-1.1747370018517609,-3.0344578541649811,-2.9347260858358348,0.69173481970777262,-3.7871624794935279,-1.7544319832638948,-0.34979019538429623,1.5252815940280859,2.0390095357837827,1.5031176959524382,1.5289342800682972,4.1507079965025699,5.603184382864371,3.4763065641767654,3.4378934087405777,2.4980942045627019,4.3384809726893376,0.76836588289310104,0.51649567497173754,1.2720760015312409,2.9476327305033481,4.0261110010210563,2.6463159678097465,4.8033325226368744,-0.38491570204087222,3.2722963352020216,1.2257231314954717,0.079323026166561061,0.45327121569871892,-0.88330527771566381,5.4253740263117356,2.7063132843827278,5.9479570506166883,2.4735385953069979,5.2750564226421934,3.2600492411583328,3.0435251756665176,2.5805065802551272,0.66833259758254426,0.47715780311618283,-2.1117504339399167,-1.5225264759188666,-0.44366625825744777,0.84942474216090602,-0.71370974544678023,-0.33997655645967523,-0.78732877174827287,1.5798730086332395,0.10295676820323296,-2.516819864907224,-0.38279418990144942,1.0997186232612512,3.2687856559033084,-0.30358859034549607,2.6006438531727349
"21-1",#N/A,-0.53473080743943913,-0.64535724812781392,-2.0322176235528411,-1.1520274742100314,-2.5979919116812753,-3.3476100434331055,-0.052110980916951211,-1.8698226371215871,-1.2258501519334664,-1.4725086074024412,1.9839156298494456,1.1773035890121262,-1.4841684914952957,-3.9078778792116826,-2.094321839117943,-4.3546670639751301,-1.028854254167052,-1.1371248518556971,3.8786956828649699,1.5136368340858144,-0.17024209821262892,-2.0597929388255225,0.2399183168080844,-2.5770012392986903,-0.68351450353470156,-2.3220544240371774,-1.7912695115364927,-2.660453255281193,1.6507346303269059,3.379326851990986,4.0244976254695199,0.97120866411544871,-4.8000946520450629,-1.8093888204471151,-2.0101356579894469,0.033532528303917175,-2.1232008647278917,-2.0447589101349042,2.1360514862591602,1.5031685455646413,5.3740856241693855,3.7874018885601428,3.6009850133799679,-0.96082512995368985,1.4601005773994151,-0.84430014154245481,-0.84064842689316366,-2.6373457558750721,0.93884714185937068,-3.4749305730606213,0.5101928764119138,-0.04810163673598894,0.99746240847204959,-0.018383977522444583,2.0631568031818586,4.0120248115627621,3.6822017883793086,4.1171883315728959,2.7801589898196464,4.761102573554993,4.2429293141258508,3.2761748447999093,3.3748514834649623,3.3839530140427061,0.62824734964717432,3.7083144547626969,4.9009374813030382,2.2912901173574216,3.5760479347251608,-2.1915692916630527,2.9602136011078932,-0.89760772786436249,0.23935321410228999,-0.2367002967862615,-1.8309302494853448,5.409556331040986,3.3912011027136519,6.215129041569293,1.9144137719395018,6.5178915541920235,4.4075503493858683,2.2373333675763387,2.3719519200720258,-0.12305881587231576,1.6059714159176646,-3.2783209968244682,-0.18913165237019303,-0.62666791079347428,2.2676749486239043,0.050935978120971281,-0.75944022719199322,-0.49734713555054488,-0.2950600427447525,0.074398653855799912,-1.0634901507483661,-0.025781026394595341,2.5206100731614285,2.8115424089361101,-1.3013615263301153,0.72061028210089084
"22-1",#N/A,0.30876303111011116,-2.281825566102643,-2.928141231765697,-2.3359236718280743,-4.1641026997751656,-3.8105657791293233,-0.6867876703054363,-2.1034685358462815,-1.1660626913501342,0.35199109706392051,0.44991398264242821,1.3152820441033604,-2.7456496521318465,-4.8031267806934412,-2.5613221926022423,-2.7765603714588054,0.11626013858159623,-2.2427471737044553,5.3105513715620685,0.67479008452640166,0.18552629726796799,-1.6619989047720849,-0.46524513679384716,-3.7852904566819934,-1.1184479224214603,-1.9166692619468972,-0.32078676815724216,-3.1558665849982996,1.8166162048757641,1.7501047570690025,0.69308612881741238,1.7130697125426777,-4.4810088893212869,-0.90151589551926703,-3.8666101916820712,-1.1846834910115338,-0.57254125330701167,-0.80273583740201837,1.0099210038021791,0.77894522321751136,3.2238126290445797,4.2717317427392061,3.3326801820806837,0.30234974700481176,-0.26039258109820462,-1.455852378496125,-2.8352505873484324,-0.91116285588219914,3.9205649564163396,-2.2113549935786527,-2.0020356832356563,-0.63074984362987985,-1.2704456936943989,1.9069441722800131,2.3911652967332691,2.9163761683788954,4.4065792480345207,6.7325674586308093,2.8233070923852899,2.9473785243982418,2.9455979231942404,5.570464904469917,1.9690534530389487,2.9311046267475067,0.57997918112056324,2.769952702824642,4.7822199767416107,2.3861845444052063,4.3606743484159223,-0.35383680947577723,4.4961301912453937,-0.81421601451233361,2.0520856550143045,-0.041803304838764176,1.5855752181561611,5.4739234796053688,1.6836716722722835,6.7506178939950452,3.6415473029089438,6.6606485791119114,3.8621921137834807,3.8108090888557102,2.1461575718011705,-0.50595186830740468,1.0423420306482716,-1.6799033104167149,-1.6042816005520328,-0.55836306485836762,0.80633140372753664,-2.072138745971885,-1.3816538204497124,-0.52470006129732083,1.0202711026853077,1.2064323064857201,-1.2612128505059055,-2.2334942420839763,2.2020888541070356,1.1331038748573108,0.66915693246213415,1.7908466754288894
"23-1",#N/A,1.1400189013390265,1.0574467148640678,-1.6048014178633299,-0.49102366299856359,-3.8641237330424292,-3.334093303055238,-0.1525982264418615,-3.9969452926612474,-1.1815756310011054,-0.62314888129961155,0.72325934787734558,1.1247694988228665,-1.4285960471695622,-3.8183458898910132,-4.781110736002498,-3.6869491425142806,-1.6256145533098583,-0.98700878009250581,5.7161374094058299,1.6510814908587266,-0.48975314738474074,-1.0870303771320176,1.1662396903321,-4.1460234892423999,-0.16816273534854848,-1.991761224679661,-0.34509890641310137,-1.5802296788764087,3.0190884749306539,-0.21094617833949258,1.0477834115654532,0.61518384567944051,-4.8943402690929565,-2.7174528005409977,-2.2018604637698425,-2.8209718168945779,-1.0617939563424377,-2.461470039414742,0.73321919929278079,3.5400009201266815,4.9974864589041808,4.9476369333410171,5.2664083821050047,-0.75629591297819254,0.99928475041475096,-1.0844170460946236,-1.7618844626605383,-1.510489089876851,3.7801982474332281,-4.067739121695638,-0.45069673927131176,0.54930522168639651,2.8342691244295972,0.5610083872823779,3.6127681171869117,5.1680325693790419,5.5950977668181121,6.5503403124561874,1.8603969327819923,1.4924266186333739,2.8483861529061039,2.0480779446873112,2.2352134406511772,2.9179276150778293,-0.44124262596860797,4.9749366006886193,4.863166170042664,3.0417485039564971,6.0396848270560008,-1.1873189802790178,4.65469103984318,-2.6134196976376729,2.9117513979220111,-0.83140942494555747,-1.5704624747410336,5.7518298676319297,2.1268163520957697,5.1810166274196874,3.9323249855086471,4.599025737154335,3.0774661777338319,3.037624742014132,2.4130156054656906,0.85646672938140012,0.8059909189390041,-2.5943541845466798,-0.36443548648097018,-1.2532593962943614,1.7629400407535252,-1.8871526895089339,-0.51152319628064413,0.8293613847482636,1.1119063067766364,0.092009044144888419,-0.58780167789130744,-1.1039382051268256,1.1061277275430883,2.7821715577036832,-0.092559730523103456,-0.173459508837712
"24-1",#N/A,-0.50308941178586442,0.27012384762306374,-1.9873898104261474,-1.9270034680128902,-3.2670577123062841,-4.332552707018765,-0.28234443892009087,-0.97366284287084626,-0.39285484123982417,-1.4172468356567169,1.2446460342544925,0.25011808595316271,-1.5667022607924985,-3.225496136484364,-3.09272048576404,-4.5573716899892744,-0.5962121372059207,0.79205386081616469,4.288296830030915,1.1147147233615331,0.36646611244199673,-0.86547544048215141,-0.5928952105119718,-2.4135776150036747,-0.12449024061355311,-1.751368423386783,1.0391460339249401,-2.485104916700839,2.4899800703720492,0.1767233903727804,2.3694175843281187,1.679288496676365,-3.3823064462194248,-4.0891628538945675,-1.3165197098629511,-1.7323845771520698,-0.8801961369521526,-2.7256126619780146,1.7716888124402401,0.52961961051497841,4.6521796380572917,5.2001703772176322,6.3444899033414623,-2.852807733724958,-1.2233215728724769,-2.1149636344504761,-1.2408541533193118,-2.3868682449058225,2.7816404788909757,-2.9022174197535473,1.2199093553580629,0.66093993088012903,1.5134863369365046,0.055514522210539541,2.2868544673649307,4.3262742005950487,5.5031039796591914,6.0788444913508819,2.6566426387571753,2.4630287339293315,3.3325705701228587,3.7652469514969087,3.1792822862189105,0.16624394781158891,0.17305216119705091,4.2307900771725668,3.0374752067169446,2.5195183651684721,4.0892673481074429,-1.3127516766341345,3.3945604012033588,0.1437221702205993,1.4522699196093851,1.7169382778035291,-0.091783171978700617,6.6352923596817925,2.9045057611094354,4.2267163894676116,2.9523906637415007,5.2871698575737014,6.2650606954749168,2.0743188530655767,4.1775686877259961,0.035317123715945142,0.56341160721854178,-4.036613355480041,1.2564529047468227,-2.325714951547269,1.5395539430226464,-0.86379636942999238,0.34245173330091833,-0.02949904896860589,1.505327042757334,-0.20025968828058849,1.1183246525629447,0.062276917913047347,0.77564341943774839,5.2682595489513462,-2.186346508002778,0.12056735027369592
"25-1",#N/A,0.92390566414259423,0.028108904250140343,-1.7878535162453029,-2.7742069337929065,-4.6707009203120027,-3.9858126578006146,-2.1551737604746073,0.36601541421794015,-1.1267770450228132,-0.72072589535287657,2.5887226433741031,0.057081829941896589,-1.1383566018188316,-3.5876732157351912,-5.1102966296486789,-5.8365148681129533,-2.4093930726112673,-0.88515095982348713,4.5183118188361284,0.78770429595781422,1.7875899923520864,-1.3013957030280039,0.9589707671623674,-2.0069236362939895,0.13884040691814598,-2.3029265692941698,-1.200717771318031,-2.4223171163465018,1.1475655746398816,1.1399847932688234,0.5513898651587934,0.12340583544835138,-3.7983404796877966,-1.8728549695454775,-1.045901271327093,-2.3378317880250279,-2.2133377432510635,-3.8786491503553271,-0.67397460977368218,2.389087122030487,6.3228302698766861,5.4565511412449812,6.0687224027435018,-2.0083764620343398,0.31074788396341657,0.19509283320008208,-2.229442423580664,-4.4233981473796646,2.6118184208186808,-2.5303515348108379,0.14262743261894051,-0.83423694104599744,-0.14780068583526429,2.6694990727042063,2.9845527063595334,2.7824203092769753,4.5199301111852277,3.4713792438985696,3.23679106413076,2.6040770059072593,4.3781846012804424,2.3433984618908532,0.87327116917186198,3.1507238073272728,2.5948191797174758,3.9217731251817902,5.2592822360934193,4.3122825845243238,5.6751409030828892,-2.5166260234877629,3.8132459167026282,0.55022830945055112,1.0430033705915822,-0.5425869171197899,0.72052656936146409,5.1268094770368311,2.665398587642287,3.8384974711009248,3.8339313934803787,5.365692895591339,4.7612402354409218,3.0873744204105358,3.2156211712359699,-0.63274156325775288,1.0248647859775348,-3.3698315667838568,1.382879742251943,-1.6342209864464901,2.047458185562621,-1.8715006503187743,0.37629687406203188,-1.969142185561382,2.1233412716601254,0.43997177498279899,-0.14519315139338604,-0.71108623292080009,-0.33517908964747267,1.2593274401980601,0.34105150205387735,-0.34424456878557641